gene_ID,sgRNA_ID,Seq
NDFIP2,sgNDFIP2_1,CGGCTGGTGGTGATCCATCC
NDFIP2,sgNDFIP2_2,CCGCGTTGGTCGCGGTTCCG
NDFIP2,sgNDFIP2_3,CCTGGTAGCGCCCAGTCCCC
NDFIP2,sgNDFIP2_4,CCTCCCTATAGCGTTGCTAC
NDFIP2,sgNDFIP2_5,CCGTTCCTGCAGCCGCGGTC
PHLDA1,sgPHLDA1_1,CCGCTTGGCTCGGCCTCTCC
PHLDA1,sgPHLDA1_2,CTCTTATGCTGGGAGGATGC
PHLDA1,sgPHLDA1_3,TCGCTGCGCTTCTCCAGCAC
PHLDA1,sgPHLDA1_4,CCCGTATCCGCATCCACATC
PHLDA1,sgPHLDA1_5,CTTGGAGCTGGGCTTTCCCC
FAM3C,sgFAM3C_1,CCTCCCCACATGTCAAAATA
FAM3C,sgFAM3C_2,TGCCTCATCATTGAGTCTTG
FAM3C,sgFAM3C_3,CCAACTTTGCAGCACCTAAA
FAM3C,sgFAM3C_4,CCACGTTGGCTGCTCCACTT
FAM3C,sgFAM3C_5,CACTTATATCTGGGAGGCTT
GEM,sgGEM_1,CCGCAACCGCCATTCTGCTA
GEM,sgGEM_2,GGGCACTGTGGGCATGCAGC
GEM,sgGEM_3,TCTCGAAGCTCGCTCGGTCT
GEM,sgGEM_4,TGCGGAGCTGGATTCGCAGC
GEM,sgGEM_5,TGGCGCATGGTGACATTATT
NTRK1,sgNTRK1_1,CGGTGATGGTGAGAAGACCT
NTRK1,sgNTRK1_2,TCGTGAAGAGTGGTCTCCGT
NTRK1,sgNTRK1_3,CTGCACTGTTCTTGTGCCCT
NTRK1,sgNTRK1_4,CCTCCTCCCAGCGCTGTAGC
NTRK1,sgNTRK1_5,CCACCTGGCACCGCAGCAGC
SHC4,sgSHC4_1,CCCTGTAGTCCACTCAGCAC
SHC4,sgSHC4_2,CCCCACTGTGCACCTTGATC
SHC4,sgSHC4_3,CGGCATGGCTATCAATATGC
SHC4,sgSHC4_4,CCAGTAGGTGGTGTTTCAGA
SHC4,sgSHC4_5,TGGCTTGAACTTTGATCCGC
CAMK1,sgCAMK1_1,CCAGCTTCTGCGTCCTCTTA
CAMK1,sgCAMK1_2,CCTCTACCTCATCATGCAGC
CAMK1,sgCAMK1_3,CCTCATCTTCCAGGTGCTGG
CAMK1,sgCAMK1_4,CGGCTGTGGTGCGGCACATG
CAMK1,sgCAMK1_5,CTGCCCCTCCTGGCTGGTGC
RYR1,sgRYR1_1,CCGTGTTAGCCAGCATCTCC
RYR1,sgRYR1_2,CGGTGAGCGCTAGGTACTGC
RYR1,sgRYR1_3,CCTTCTGCTTCCGCATCTCC
RYR1,sgRYR1_4,CTGTTTCGTGGCCGCTCTGC
RYR1,sgRYR1_5,GCGCTCCATGTTTGACCACC
SLC29A1,sgSLC29A1_1,CTGCTGTTATTCACCTACCT
SLC29A1,sgSLC29A1_2,GCTCTTGGCTCCTCTCCTGC
SLC29A1,sgSLC29A1_3,GCTGGTGTTTGTGCCACTGC
SLC29A1,sgSLC29A1_4,CCGCTACCTGACTGTGGTCT
SLC29A1,sgSLC29A1_5,ACGGCTACCTCGCCAGCCTC
SERPINE1,sgSERPINE1_1,CAACGTGGTTTTCTCACCCT
SERPINE1,sgSERPINE1_2,CGGTGTTGGCCATGCTCCAG
SERPINE1,sgSERPINE1_3,CCGGCATCTGTACAAGGAGC
SERPINE1,sgSERPINE1_4,TCCCCGACTCCAGCACCCAC
SERPINE1,sgSERPINE1_5,CCTCCTGGTTCTGCCCAAGT
SRGAP3,sgSRGAP3_1,CGGGGCGGGCTGTGTGTGTC
SRGAP3,sgSRGAP3_2,CCAGCTGCGTGCGGATCTCT
SRGAP3,sgSRGAP3_3,CCGGAAAGCTGAGATTGAGC
SRGAP3,sgSRGAP3_4,CCGGGTCTGATGCAGAACCA
SRGAP3,sgSRGAP3_5,TCAGGAGCTCCTCGTGCATC
CLNK,sgCLNK_1,CCTCCTCGGTAAAACACTTT
CLNK,sgCLNK_2,GGGCATTCTCTGGACTTCTG
CLNK,sgCLNK_3,CGTCTGTGTGTTCCAGGTCG
CLNK,sgCLNK_4,CCTTTATCTCAGAGACACAC
CLNK,sgCLNK_5,TTCATTGTGCTGGACATCCT
MS4A6A,sgMS4A6A_1,CCTTAAATCCTGCCTCACTG
MS4A6A,sgMS4A6A_2,AAGCTCAATACCATCATGCC
MS4A6A,sgMS4A6A_3,CCGCAGCACAGCAGTGAGCA
MS4A6A,sgMS4A6A_4,TTTCTCTGTGGCGATTGATA
MS4A6A,sgMS4A6A_5,CACTGCAGTGTGAGTTGGAC
SH3BGRL2,sgSH3BGRL2_1,CATCTTGCTGCTTCTTCTTT
SH3BGRL2,sgSH3BGRL2_2,CCTCAAACTCTATCTTGTTG
SH3BGRL2,sgSH3BGRL2_3,CTGTTCTTCTGACATTGTGA
SH3BGRL2,sgSH3BGRL2_4,CGTGTTCATCGCCTCTTCCT
SH3BGRL2,sgSH3BGRL2_5,CGGGCTTCGTGGCGGTGAGC
AKAP5,sgAKAP5_1,TCTGCTGATCTCTTCTCATC
AKAP5,sgAKAP5_2,CAGCATTTATTGCAGGTTGC
AKAP5,sgAKAP5_3,GTACTTTCTGATGTTCCTCC
AKAP5,sgAKAP5_4,GGGTTGACTTAGCCTTTGTT
AKAP5,sgAKAP5_5,TCTTTCCGTGAGATGCCTTC
PDE7B,sgPDE7B_1,CGGCGTTCAGCACGAACCCC
PDE7B,sgPDE7B_2,ACCCATTCATTGACTTCCGC
PDE7B,sgPDE7B_3,CTGCACCTGCTGGATGAAGA
PDE7B,sgPDE7B_4,CTGGACATCATGCTTGGACT
PDE7B,sgPDE7B_5,CTGGGTGGTCCACATCGTGT
MYO1E,sgMYO1E_1,CCAGCAGCGGGTTGGACTGC
MYO1E,sgMYO1E_2,GCCGATTTGTAAGTCCCTTC
MYO1E,sgMYO1E_3,CCATCTGGTTCCCCACCTGG
MYO1E,sgMYO1E_4,CTGCAGAGCAGAAACACAGC
MYO1E,sgMYO1E_5,CCACTATCTGCAACACCAGC
P2RY1,sgP2RY1_1,CGGTCATTCTCTCCTCCTCG
P2RY1,sgP2RY1_2,TCCCGTTGGGGACAGCCGGC
P2RY1,sgP2RY1_3,CCGGTACAGCGGTGTGGTGT
P2RY1,sgP2RY1_4,CCACAATGAGCCACACCAGC
P2RY1,sgP2RY1_5,TCACCTGTTACGACACCACC
XCL2,sgXCL2_1,CCTATGTGAGACTTCACTCC
XCL2,sgXCL2_2,CGTGGCTTGTGGATCAGCAC
XCL2,sgXCL2_3,CGTGGGTGAGAGACGTGGTC
XCL2,sgXCL2_4,TGACTGGCTAGTAGTCTCTG
XCL2,sgXCL2_5,AGCGACTGCCAGTTAGCAGA
OAS1,sgOAS1_1,CCCCGAGCTGGAGCGAACTC
OAS1,sgOAS1_2,CAGTCCTCTCACCACTTTTC
OAS1,sgOAS1_3,CAGCGTGGAGCCTGGACCTC
OAS1,sgOAS1_4,GGGCATACTGAGGTGGCAGC
OAS1,sgOAS1_5,GGGTTTCGTGAGCTGCCTTC
ATP9A,sgATP9A_1,TCCGCTTCTTCTGGCGCACC
ATP9A,sgATP9A_2,CCGCAGCATCTCAGCCACTC
ATP9A,sgATP9A_3,GGGGATTTTCGAGTCCCTTC
ATP9A,sgATP9A_4,CCGTGTTTTACTTTGCCTCC
ATP9A,sgATP9A_5,GCACGTAGCATCGGATCTCC
SNX9,sgSNX9_1,TCGTTCTCCTTTGATGTTTC
SNX9,sgSNX9_2,TCCCAGTCTTCATCCCAGTC
SNX9,sgSNX9_3,AGCCTTCCTTGATTCTCTCT
SNX9,sgSNX9_4,CTGGTCAGCCTGGAGTGCCT
SNX9,sgSNX9_5,TTCCTGGGATCTGCTACCAC
PLS3,sgPLS3_1,TCATTCAGGTCTTGCCCTCC
PLS3,sgPLS3_2,CTGCTGATGTTGTCAGTGGA
PLS3,sgPLS3_3,TCTCTATGCGTAAGCCTTCC
PLS3,sgPLS3_4,TCCTTTTGTCCTTTTGGTGC
PLS3,sgPLS3_5,TGGTTCACCTTCCTTTTGTC
PTMS,sgPTMS_1,CGGCAGTTTCTTCTTCTTCC
PTMS,sgPTMS_2,TCTTCTCCTTCAGGTCCTGC
PTMS,sgPTMS_3,CAGCCCCGTTCTCCTCCTCC
PTMS,sgPTMS_4,CCACGCTTTTCTCCGACATG
PTMS,sgPTMS_5,TCATCTTCCTCCTCTCCATC
PHEX,sgPHEX_1,TGGTCGTGTTTGTCGGTGGC
PHEX,sgPHEX_2,CTTCGATGCATTCTGGCTTC
PHEX,sgPHEX_3,CTCCGAGAATGTGGTGGTCC
PHEX,sgPHEX_4,CATCTGAAAGACATCAGCCC
PHEX,sgPHEX_5,TCCCTTATGTTGTTGGAAAG
SPRY1,sgSPRY1_1,CCTGGGACATGCAGTACTCC
SPRY1,sgSPRY1_2,TCGGTGGTGAAAAGACCTGC
SPRY1,sgSPRY1_3,TGGCATTACTTGGGAGTACT
SPRY1,sgSPRY1_4,TCCCGGGGTCAGGGTAAACC
SPRY1,sgSPRY1_5,GCACTGGAAGTGCAGCCAGC
PTPN22,sgPTPN22_1,CCACTTCCTGTATGGACACC
PTPN22,sgPTPN22_2,CTGATGAGGATTCCAGCTAC
PTPN22,sgPTPN22_3,TGGTTTCTCTCTGCTGTATC
PTPN22,sgPTPN22_4,CCTCTCCCAGAAAGAACTCT
PTPN22,sgPTPN22_5,AGGCTTATATTGCCACCCAG
DUSP4,sgDUSP4_1,CGGCAGTGCCTACCATGCTG
DUSP4,sgDUSP4_2,TTCCTCTACCTCGGCAGTGC
DUSP4,sgDUSP4_3,CGGACTGCCCAAACCACTTT
DUSP4,sgDUSP4_4,CTGGGATGCACTTGTACTGA
DUSP4,sgDUSP4_5,CCGAGTACCCAGAATTCTGT
ENTPD1,sgENTPD1_1,CCACATCCAGAACCCTGTCT
ENTPD1,sgENTPD1_2,CCTTGTTTTCTGAAAGACAG
ENTPD1,sgENTPD1_3,TGCCATAGAGGCGAAATTGC
ENTPD1,sgENTPD1_4,TGGCCAGTTTCTGCCAGAGT
ENTPD1,sgENTPD1_5,CCTTCTGCAAGGCTATCATT
ZAP70,sgZAP70_1,CCGGCCCTTTCATCTTCTGC
ZAP70,sgZAP70_2,CTGGGTCGCTGTAGGGGCTC
ZAP70,sgZAP70_3,CCTCATAGCTGACATTGAAC
ZAP70,sgZAP70_4,CGTCGATCTGCTTCCTGCCC
ZAP70,sgZAP70_5,CCAGGTACTTCATCCCCATG
LAT,sgLAT_1,CTGCGTGCTGGGGCTCCTGC
LAT,sgLAT_2,TCGTTCTCGTAGCTCGCCAC
LAT,sgLAT_3,CCTGTCACCTCCTACCCACC
LAT,sgLAT_4,ACCCCTGAGCCAGCCAGACC
LAT,sgLAT_5,CCGGACGCCATCTTCCCGGC
LAMP1,sgLAMP1_1,CCTGGTGACTCTGGAGCTGC
LAMP1,sgLAMP1_2,CCGTCCTGCTCTTCCAGTTC
LAMP1,sgLAMP1_3,CAGTGGTGCTCAACCGCAGC
LAMP1,sgLAMP1_4,TCGTGACACGGACGTGCTCC
LAMP1,sgLAMP1_5,CTCTTGGTGTCGTAGTTCAC
Intergenic,INTERGENIC2261,CTGCTGTTGTGAGAGCCGGT
Intergenic,INTERGENIC4649,CACATTAGCGCGGCCGGGAC
Intergenic,INTERGENIC7310,TCTCTCTCAGGAACCTCTAG
Intergenic,INTERGENIC9892,GTTCTTAGTTCTGAGACTCA
Intergenic,INTERGENIC12191,CAGCTTTTGAACAGCTCATC
Intergenic,INTERGENIC14666,GGGTCAAGGTTGACCTCTGT
Intergenic,INTERGENIC17236,GCACAGAGAGTGATGGCTTA
Intergenic,INTERGENIC19822,CGCTCTGTCGCCACCCTCTC
Intergenic,INTERGENIC22544,CCATTGTGTAGTTTCTCTCT
Intergenic,INTERGENIC25153,CTAGATCATCAAGTGGTACC
Intergenic,INTERGENIC27867,CAGTGACACGTGGCCTTAAC
Intergenic,INTERGENIC30558,TGCCATATTTGGTAAGCCAT
Intergenic,INTERGENIC33423,TAGCTCTCCTGAAGGTTACC
Intergenic,INTERGENIC36225,CTCTTTAATAGAGGGGATAC
Intergenic,INTERGENIC39333,TAGCACATAGCCTTTACCTT
Intergenic,INTERGENIC42167,CCCCATGCTCAATTTGCATT
Intergenic,INTERGENIC44800,GGGTTAAGTCATCTCACTGG
Intergenic,INTERGENIC47459,CCCCTTCAATGGAAGCCTGC
Intergenic,INTERGENIC50500,GCGTCCACCTATTCAAACAA
Intergenic,INTERGENIC53513,CCTTTCCCACTTTCTTATTC